<?xml version="1.0" encoding="utf-8"?>
<extension type="module" version="3.1" client="site" method="upgrade">
	<name>Mycelium Gear payment widget</name>
	<author>Alexander Makarov</author>
	<creationDate>April 2015</creationDate>
	<copyright>Copyright (C) 2015 Alexander Makarov</copyright>
	<license>GNU General Public License version 3 or later; see LICENSE.txt</license>
	<authorEmail>alvmakarov@gmail.com</authorEmail>
	<authorUrl>http://devplus.ru</authorUrl>
	<version>1.0.0</version>
	<description>This module displays Mycelium Gear payment widget</description>
	<files>
		<filename module="mod_mycelium_gear">mod_mycelium_gear.php</filename>
		<folder>tmpl</folder>
		<filename>mod_mycelium_gear.xml</filename>
	</files>
	<languages folder="languages">
		<language tag="en-GB">en-GB.mod_mycelium_gear.ini</language>
		<language tag="en-GB">en-GB.mod_mycelium_gear.sys.ini</language>
		<language tag="ru-RU">ru-RU.mod_mycelium_gear.ini</language>
		<language tag="ru-RU">ru-RU.mod_mycelium_gear.sys.ini</language>
	</languages>
	<config>
		<fields name="params">
			<fieldset name="basic">
				<field
					name="gateway_id"
					type="text"
					required="true"
					default=""
					size="70"
					label="MOD_MYCELIUM_GEAR_GATEWAY_ID"
					description="MOD_MYCELIUM_GEAR_GATEWAY_ID_DESCRIPTION"
				/>

					<field
					name="widget_width"
					type="text"
					required="true"
					default="auto"
					size="4"
					label="MOD_MYCELIUM_GEAR_WIDGET_WIDTH"
					description="MOD_MYCELIUM_GEAR_WIDGET_WIDTH_DESCRIPTION"
				/>	

			</fieldset>
					
			<fieldset name="advanced">
				<field
					name="layout"
					type="modulelayout"
					label="JFIELD_ALT_LAYOUT_LABEL"
					description="JFIELD_ALT_MODULE_LAYOUT_DESC" />

				<field
					name="moduleclass_sfx"
					type="textarea" rows="3"
					label="COM_MODULES_FIELD_MODULECLASS_SFX_LABEL"
					description="COM_MODULES_FIELD_MODULECLASS_SFX_DESC" />

				<field
					name="cache"
					type="list"
					default="1"
					label="COM_MODULES_FIELD_CACHING_LABEL"
					description="COM_MODULES_FIELD_CACHING_DESC"
				>
					<option value="1">JGLOBAL_USE_GLOBAL</option>
					<option value="0">COM_MODULES_FIELD_VALUE_NOCACHING</option>
				</field>

				<field
					name="cache_time"
					type="text"
					default="900"
					label="COM_MODULES_FIELD_CACHE_TIME_LABEL"
					description="COM_MODULES_FIELD_CACHE_TIME_DESC" />

				<field
					name="cachemode"
					type="hidden"
					default="itemid"
				>
					<option value="itemid"></option>
				</field>
			</fieldset>
		</fields>
	</config>
</extension>
